num_vehicles,distance,fitness,time
11.0,925.2568581371113,11.999311953735988,1615.9319732189178
