num_vehicles,distance,fitness,time
10.0,952.5235965479341,10.999331649587699,991.2868278026581
